/*
SQLyog v10.2 
MySQL - 5.6.21 : Database - lease
*********************************************************************
*/

/*!40101 SET NAMES utf8 */;

/*!40101 SET SQL_MODE=''*/;

/*!40014 SET @OLD_UNIQUE_CHECKS=@@UNIQUE_CHECKS, UNIQUE_CHECKS=0 */;
/*!40014 SET @OLD_FOREIGN_KEY_CHECKS=@@FOREIGN_KEY_CHECKS, FOREIGN_KEY_CHECKS=0 */;
/*!40101 SET @OLD_SQL_MODE=@@SQL_MODE, SQL_MODE='NO_AUTO_VALUE_ON_ZERO' */;
/*!40111 SET @OLD_SQL_NOTES=@@SQL_NOTES, SQL_NOTES=0 */;
CREATE DATABASE /*!32312 IF NOT EXISTS*/`lease` /*!40100 DEFAULT CHARACTER SET utf8 */;

/*Data for the table `d_wx_menu` */

insert  into `d_wx_menu`(`id`,`name`,`type`,`menu_key`,`url`,`grade`,`createTime`,`parent_id`,`state`,`menu_index`) values (250,'自助服务','','','',1,'2015-06-29 10:08:08',0,1,2),(274,'更多','','','',1,'2015-06-29 12:00:25',0,1,3),(275,'公司介绍','1','3','',2,'2015-06-29 12:00:25',274,1,NULL),(279,'行业资讯','1','hyzx','',2,'2015-07-02 10:40:27',274,1,NULL),(281,'联系我们','1','lxwm','',2,'2015-07-02 10:40:55',274,1,NULL),(291,'公司动态','1','gsdt','',2,'2015-07-07 18:31:59',274,1,NULL),(292,'车辆融资','','','',1,'2015-07-29 17:50:04',0,1,1),(293,'融资申请','2','','http://wx.xftm.com/lease/wx/dksq/dksq.html',2,'2015-07-29 17:50:04',292,1,NULL),(294,'融资介绍','1','rzjs','',2,'2015-07-29 17:50:56',292,1,NULL),(295,'所需材料','1','2','',2,'2015-07-29 17:51:28',292,1,NULL),(296,'融资计算','2','','http://wx.xftm.com/lease/wx/rzjsq/rzjsq.html',2,'2015-07-29 17:51:58',292,1,NULL),(299,'还款卡变更','1','hkkbg','',2,'2015-10-08 20:46:11',250,1,NULL),(300,'申请提前还款','1','sqtqhk','',2,'2015-10-08 21:02:33',250,1,0),(301,'还款计划查询','1','hkjh','',2,'2015-10-08 21:03:30',250,1,0),(302,'申请进度查询','1','sqjd','',2,'2015-10-08 21:03:58',250,1,0),(303,'在线客服','1','KF','',2,'2015-10-08 21:04:28',250,1,NULL),(305,'激活申请','2','','http://xfwx.365car.com.cn/lease/wx/azpd/ActiveSelect.html',2,'2016-04-08 17:07:55',274,1,NULL),(312,'自查征信','2','','http://dcms.qianbitou.cn/',2,'2016-05-24 21:34:33',292,1,NULL);

/*Data for the table `d_wx_reply` */

insert  into `d_wx_reply`(`id`,`name`,`MsgType`,`Event`,`create_time`,`state`,`reply_content`) values (78,'KF','text',NULL,'2015-07-07 17:52:03',1,'KF'),(111,NULL,NULL,'subscribe','2015-10-08 20:24:19',NULL,NULL),(148,'流程介绍','text','click','2015-07-24 16:57:35',1,'1'),(149,'融资所需材料','text',NULL,'2015-07-27 09:28:24',1,'2'),(151,'公司介绍','text','click','2015-07-24 17:22:38',1,'3'),(152,'常见问题','text','click','2015-07-24 17:32:31',1,'4'),(154,'融资介绍','text','click','2015-07-24 17:53:55',1,'rzjs'),(155,'联系我们','text',NULL,'2015-07-31 11:21:18',1,'lxwm'),(156,'申请进度','text','click','2015-07-24 18:14:10',1,'sqjd'),(158,'还款计划','text','click','2015-07-24 18:22:27',1,'hkjh'),(160,'公司动态','text','click','2015-07-24 18:24:54',1,'gsdt'),(161,'行业资讯','text','click','2015-07-24 18:38:32',1,'hyzx'),(162,'申请提前还款','text','click','2015-09-30 18:36:33',1,'sqtqhk'),(163,'还款卡变更','text','click','2015-10-08 20:45:50',1,'hkkbg'),(167,'金融盟主大赛北区','text',NULL,'2016-05-11 16:36:04',1,'jrmz'),(168,'个人征信','text',NULL,'2016-05-24 20:07:21',1,'pboc');

/*Data for the table `d_wx_reply_details` */

insert  into `d_wx_reply_details`(`id`,`reply_id`,`msg_type`,`reply_text`,`reply_mediaId`,`title`,`description`,`content`,`music_URL`,`HQMusicUrl`,`articles`,`PicUrl`,`Url`,`original_url`) values (112,78,'text','您好，欢迎进入人工客服，很高兴为您服务',NULL,NULL,NULL,NULL,NULL,NULL,NULL,NULL,NULL,NULL),(177,111,NULL,'您好！欢迎来到先锋租赁，马上开启您的微信先锋融资之旅吧！\n\n<a href=\"http://wx.xftm.com/lease/wx/dksq/dksq.html\">立即申请融资</a>\n------------------\n<a href=\"http://wx.xftm.com/lease/wx/zzfw/sqjdcx.html?openId=$(openId)\">查询贷款申请进度</a>\n------------------\n<a href=\"http://wx.xftm.com/lease/wx/cp/cpjs.html\">查看产品介绍</a>\n\n您可以回复序号了解更多信息: \n [1]流程介绍 \n [2]融资所需材料 \n [3]公司简介 \n [4]常见问题.',NULL,NULL,NULL,NULL,NULL,NULL,NULL,NULL,NULL,NULL),(331,148,'news','','','流程介绍','流程介绍','','','','1','http://fileservice.365car.com.cn:88/fileService/xftm/file//b6708c3e49dbe3c2ca3b36e6e143e697.png','http://wx.xftm.com/lease/wx/lcjs/lcjs.html',''),(332,149,'text','个人用户所需材料：\n1.身份类证明\n2.婚姻类证明\n3.驾驶证\n4.户籍类证明\n5.收入类证明\n6.资产类证明\n7.还款银行卡\n备注：婚姻类证明和驾驶类证明可视客户情况免除\n----------------------------------\n企业用户所需材料：\n1.申请表\n2.经年检的营业执照\n3.组织机构代码证\n4.税务登记证\n5.企业贷款卡\n6.企业法定代表人身份证\n7.验资报告\n8.公司章程\n9.最近一期及过去一年经审计的财务报表（包括资产负债表、损益表及现金流量表）\n备注：以上材料均需复印并加盖企业公章',NULL,NULL,NULL,NULL,NULL,NULL,NULL,NULL,NULL,NULL),(337,152,'news','','','常见问题','常见问题','','','','1','http://fileservice.365car.com.cn:88/fileService/xftm/file//99bcf2d6e9ffb5db4e008d0c6b440a8c.png','http://wx.xftm.com/lease/wx/cjwt/cjwt.html',''),(338,151,'news','','','公司介绍','公司介绍','<div class=\"pictxt clearfix\"><div class=\"pictxt-left\"><img alt=\"\" src=\"http://www.xftm.com/uploads/150514/1-1505141030034T.jpg\" style=\"width: 400px; height: 257px;\" /><br />&nbsp;</div><div class=\"pictxt-right\" style=\"width:500px;\"><div><strong>&nbsp;&nbsp;&nbsp;&nbsp;&nbsp;&nbsp; 先锋太盟融资租赁有限公司(英文简称HPL）</strong>是经上海市商委批准成立大型外资融资租赁公司，总部坐落于繁华的上海外滩金融区，首期注册资金1亿美金，由亚洲著名太盟投资集团PAG控股。先锋太盟租赁拥有一支具有国际经验与视野的团队，公司将国际汽车金融行业规则嫁接中国国情，并通过一系列的汽车金融创新引领中国汽车金融市场新潮流。</div><div>&nbsp;&nbsp;&nbsp;&nbsp;&nbsp; 先锋太盟租赁主要从事乘用车和医疗设备融资租赁，通过差异化的产品满足汽车厂商、经销商、企业及个人客户日益增长的乘用车融资需求，目前已在国内30省、市、自治区开展业务，覆盖城市超过200个,创造近10,000个就业机会。</div><div>&nbsp;&nbsp;&nbsp;&nbsp;&nbsp; 先锋太盟租赁追求“专业、创新、超越”的企业文化，遵循“客户第一、信用第一、团队第一”的企业价值观，并力争三年内成为国内最大最具影响力的独立第三方汽车融资租赁公司。</div><div>&nbsp;</div><div>&nbsp;&nbsp;&nbsp;&nbsp;&nbsp;&nbsp; Herald Pacific Financial Leasing Co., Ltd (“HPL”) is a large-scale foreign-invested financial leasing company established with the approval of the Shanghai Municipal Commission of Commerce. Headquartered in the bustling Shanghai Bund financial district, HLP has initial registered capital of US$100 million, and is majority-controlled by PAG, one of the most reputable investment groups in Asia. Our world-class, visionary management team combines best practices from the global automotive finance industry with local operating insights, spearheading the new era of innovation in China’s automotive finance industry.</div><div>&nbsp;</div><div>&nbsp;&nbsp;&nbsp;&nbsp;&nbsp;&nbsp; HPL is primarily engaged in passenger vehicle and healthcare equipment financial leasing. We use differentiated products to meet the ever-growing passenger vehicle financing needs of automotive OEMs, car dealers, enterprises and individuals. Our business spans 30 provinces, municipalities and autonomous regions, altogether covering over 200 cities. Also, almost 10,000 employment opportunities are offered to our partners</div><div>&nbsp;</div><div>&nbsp;&nbsp;&nbsp;&nbsp;&nbsp;&nbsp;&nbsp; Our corporate culture embodies “Professional, Innovative, and Beyond”, while upholding the values of “Clients first, Integrity first, and Team first”. Within the next three years, we endeavor to become the largest and most influential independent third-party automotive financial leasing company in China.</div><p>&nbsp;</p></div></div>','','','1','http://fileservice.365car.com.cn:88/fileService/xftm/file//37796436f39d725b90e88069547a7814.jpg','http://wx.xftm.com/lease/wx/common/common.html?id=338',''),(341,154,'news','','','产品介绍','产品介绍','','','','3','http://fileservice.365car.com.cn:88/fileService/xftm/file//734c58c245b024c5e6ff1f76b745756b.png','http://wx.xftm.com/lease/wx/cp/cpjs.html',''),(342,154,'news','','','流程介绍','流程介绍','','','','3','http://fileservice.365car.com.cn:88/fileService/xftm/file//7e91a6f38037256c2118052138802ea3.png','http://wx.xftm.com/lease/wx/lcjs/lcjs.html',''),(343,154,'news','','','常见问题','常见问题','','','','3','http://fileservice.365car.com.cn:88/fileService/xftm/file//16f180d639419ec1f3bc5f0985c98e8f.png','http://wx.xftm.com/lease/wx/cjwt/cjwt.html',''),(344,155,'text','先锋太盟融资租赁有限公司\n\n地址：上海市虹口区东大名路588号6楼东（200080）\n\nAdd：Room 602, No.588 Dongdaming Road，Hongkou District, Shanghai （200080）\n\n总机：8621-2286-8888\n\n客服电话：400-021-8888\n\n传真：8621-2286-8880\n\n官方网址：www.xftm.com\n\nEmail：joinus@xftmleasing.com',NULL,NULL,NULL,NULL,NULL,NULL,NULL,NULL,NULL,NULL),(345,156,'news','','','申请进度','申请进度','','','','1','http://fileservice.365car.com.cn:88/fileService/xftm/file//f2d841801743f2e2af217de871ae11e7.png','http://wx.xftm.com/lease/wx/zzfw/sqjdcx.html?openId=$(openId)',''),(347,158,'news','','','还款计划','还款计划','','','','1','http://fileservice.365car.com.cn:88/fileService/xftm/file//c2129fb9b14bbd3ed588c4645ab52da8.png','http://wx.xftm.com/lease/wx/zzfw/hkjhcx.html?openId=$(openId)',''),(356,160,'news','','','【HPL影业重磅出品】购车享轻松，就来融易通','【HPL影业重磅出品】购车享轻松，就来融易通','<h3 class=\"title\">【HPL影业重磅出品】购车享轻松，就来融易通</h3>　　<div>大家期待很久了吗！你们最爱的FLASH动画又来了！</div><div>自从HPL影业成立以来，大家的热情实在让小盟感动，这次更有一直和先锋太盟保持良好合作的小伙伴——云南融易通来加入啦！大家的配音实在太专业了有木有！赶快打开下方的视频看看吧！【～掌声响起来～】<br /><br /><img alt=\"\" src=\"http://www.xftm.com/uploads/150605/1-150605102344223.jpg\" style=\"width: 900px; height: 500px;\" /><br /><br />观看链接：<br />http://v.qq.com/page/z/6/p/z0155i3156p.html<br />http://v.youku.com/v_show/id_XMTI0ODM0OTI1Mg==.html?f=23693270&amp;from=y1.7-1.3<br /><br /><div style=\"padding: 0px; margin: 0px; color: rgb(102, 102, 102); font-family: \'microsoft yahei\'; font-size: 14px; line-height: 30px;\"><span style=\"padding: 0px; margin: 0px;\">可通过视频网站订阅小盟的账号，随时关注各种创意动画推送！</span><br style=\"padding: 0px; margin: 0px;\" />&nbsp;</div><div style=\"padding: 0px; margin: 0px; color: rgb(102, 102, 102); font-family: \'microsoft yahei\'; font-size: 14px; line-height: 30px;\"><span style=\"padding: 0px; margin: 0px;\"><strong style=\"padding: 0px; margin: 0px;\">小盟的账号：</strong></span></div><div style=\"padding: 0px; margin: 0px; color: rgb(102, 102, 102); font-family: \'microsoft yahei\'; font-size: 14px; line-height: 30px;\"><span style=\"padding: 0px; margin: 0px;\">优酷：<a href=\"http://i.youku.com/hpleasing\" style=\"padding: 0px; margin: 0px; color: rgb(37, 110, 177); text-decoration: none; cursor: pointer;\">http://i.youku.com/hpleasing</a></span></div><div style=\"padding: 0px; margin: 0px; color: rgb(102, 102, 102); font-family: \'microsoft yahei\'; font-size: 14px; line-height: 30px;\"><span style=\"padding: 0px; margin: 0px;\">搜狐：<a href=\"http://my.tv.sohu.com/user/251233203\" style=\"padding: 0px; margin: 0px; color: rgb(37, 110, 177); text-decoration: none; cursor: pointer;\">http://my.tv.sohu.com/user/251233203</a></span></div><div style=\"padding: 0px; margin: 0px; color: rgb(102, 102, 102); font-family: \'microsoft yahei\'; font-size: 14px; line-height: 30px;\"><br style=\"padding: 0px; margin: 0px;\" /><span style=\"padding: 0px; margin: 0px;\"><strong style=\"padding: 0px; margin: 0px;\">HPL影业已播出动画：</strong><br style=\"padding: 0px; margin: 0px;\" />先锋太盟汽车融资租赁颠覆大作：<a href=\"http://v.qq.com/page/x/m/5/x0148silrm5.html\" style=\"padding: 0px; margin: 0px; color: rgb(37, 110, 177); text-decoration: none; cursor: pointer;\">http://v.qq.com/page/x/m/5/x0148silrm5.html</a><br style=\"padding: 0px; margin: 0px;\" />汽车金融发展史：<a href=\"http://v.qq.com/page/v/n/k/v01497pgbnk.html\" style=\"padding: 0px; margin: 0px; color: rgb(37, 110, 177); text-decoration: none; cursor: pointer;\">http://v.qq.com/page/v/n/k/v01497pgbnk.html</a><br style=\"padding: 0px; margin: 0px;\" />【灵剑一出～谁与争锋】车贷&amp;信用卡诈骗案：<a href=\"http://v.qq.com/page/z/j/p/z0152sxa6jp.html\" style=\"padding: 0px; margin: 0px; color: rgb(37, 110, 177); text-decoration: none; cursor: pointer;\">http://v.qq.com/page/z/j/p/z0152sxa6jp.html</a><br style=\"padding: 0px; margin: 0px;\" /><br style=\"padding: 0px; margin: 0px;\" /><strong style=\"padding: 0px; margin: 0px;\">HPL新闻采访：</strong><br style=\"padding: 0px; margin: 0px;\" />【第一财经】先锋太盟CEO韩勇先生接受专访：<a href=\"http://v.qq.com/page/i/g/1/i0153xxm4g1.html\" style=\"padding: 0px; margin: 0px; color: rgb(37, 110, 177); text-decoration: none; cursor: pointer;\">http://v.qq.com/page/i/g/1/i0153xxm4g1.html</a><br style=\"padding: 0px; margin: 0px;\" />先锋太盟融资租赁全新启航 先用后买成为趋势：<a href=\"http://www.iqiyi.com/w_19rrzqc0d9.html\" style=\"padding: 0px; margin: 0px; color: rgb(37, 110, 177); text-decoration: none; cursor: pointer;\">http://www.iqiyi.com/w_19rrzqc0d9.html</a><br style=\"padding: 0px; margin: 0px;\" />【东方财经】先锋太盟融资租赁全新启航+先用后买成为趋势：<a href=\"http://www.letv.com/ptv/vplay/22539079.html\" style=\"padding: 0px; margin: 0px; color: rgb(37, 110, 177); text-decoration: none; cursor: pointer;\">http://www.letv.com/ptv/vplay/22539079.html</a><br style=\"padding: 0px; margin: 0px;\" /><br style=\"padding: 0px; margin: 0px;\" />欢迎各位随时收看！</span></div></div>','','','5','http://fileservice.365car.com.cn:88/fileService/xftm/file//bf2d0fe55d276af1ef04adf5d4c4ed10.png','http://wx.xftm.com/lease/wx/common/common.html?id=356',''),(357,160,'news','','','想加入HPL先锋太盟的快点看过来','想加入HPL先锋太盟的快点看过来','<h3 class=\"title\">想加入HPL先锋太盟的快点看过来</h3>　　<h2 class=\"rich_media_title\" id=\"activity-name\" style=\"margin: 0px 0px 14px; padding: 0px 0px 10px; font-weight: 400; font-size: 24px; line-height: 1.4; border-bottom-width: 1px; border-bottom-style: solid; border-bottom-color: rgb(231, 231, 235); color: rgb(0, 0, 0); font-family: \'Helvetica Neue\', Helvetica, \'Hiragino Sans GB\', \'Microsoft YaHei\', Arial, sans-serif;\">想加入HPL先锋太盟的快点看过来</h2><span style=\"font-family:\'microsoft yahei\';color:#666666;font-size: 14px; line-height: 30px;\">观看链接：</span><br /><a href=\"http://v.youku.com/v_show/id_XMTI2MzYwOTQwNA==.html\">http://v.youku.com/v_show/id_XMTI2MzYwOTQwNA==.html</a><br /><br /><a href=\"http://my.tv.sohu.com/us/251233203/80489166.shtml\">http://my.tv.sohu.com/us/251233203/80489166.shtml</a><br /><br /><div style=\"padding: 0px; margin: 0px; color: rgb(102, 102, 102); font-family: \'microsoft yahei\'; font-size: 14px; line-height: 30px;\"><span style=\"padding: 0px; margin: 0px;\">可通过视频网站订阅小盟的账号，随时关注各种创意动画推送！</span><br style=\"padding: 0px; margin: 0px;\" />&nbsp;</div><div style=\"padding: 0px; margin: 0px; color: rgb(102, 102, 102); font-family: \'microsoft yahei\'; font-size: 14px; line-height: 30px;\"><span style=\"padding: 0px; margin: 0px;\"><strong style=\"padding: 0px; margin: 0px;\">小盟的账号：</strong></span></div><div style=\"padding: 0px; margin: 0px; color: rgb(102, 102, 102); font-family: \'microsoft yahei\'; font-size: 14px; line-height: 30px;\"><span style=\"padding: 0px; margin: 0px;\">优酷：<a href=\"http://i.youku.com/hpleasing\" style=\"padding: 0px; margin: 0px; color: rgb(37, 110, 177); text-decoration: none; cursor: pointer;\">http://i.youku.com/hpleasing</a></span></div><div style=\"padding: 0px; margin: 0px; color: rgb(102, 102, 102); font-family: \'microsoft yahei\'; font-size: 14px; line-height: 30px;\"><span style=\"padding: 0px; margin: 0px;\">搜狐：<a href=\"http://my.tv.sohu.com/user/251233203\" style=\"padding: 0px; margin: 0px; color: rgb(37, 110, 177); text-decoration: none; cursor: pointer;\">http://my.tv.sohu.com/user/251233203</a></span></div><p style=\"margin: 0px; padding: 0px; max-width: 100%; clear: both; min-height: 1em; white-space: pre-wrap; color: rgb(62, 62, 62); font-family: \'Helvetica Neue\', Helvetica, \'Hiragino Sans GB\', \'Microsoft YaHei\', Arial, sans-serif; font-size: 16px; line-height: 25.6000003814697px; box-sizing: border-box !important; word-wrap: break-word !important;\"><br /><span style=\"margin: 0px; padding: 0px; max-width: 100%; line-height: 1.5em; box-sizing: border-box !important; word-wrap: break-word !important;\">个人招聘简历投递：nipin@xftmleasing.com</span></p><p style=\"margin: 0px; padding: 0px; max-width: 100%; clear: both; min-height: 1em; white-space: pre-wrap; color: rgb(62, 62, 62); font-family: \'Helvetica Neue\', Helvetica, \'Hiragino Sans GB\', \'Microsoft YaHei\', Arial, sans-serif; font-size: 16px; line-height: 25.6000003814697px; box-sizing: border-box !important; word-wrap: break-word !important;\">合作商加盟联系方式：</p><p style=\"margin: 0px; padding: 0px; max-width: 100%; clear: both; min-height: 1em; white-space: pre-wrap; color: rgb(62, 62, 62); font-family: \'Helvetica Neue\', Helvetica, \'Hiragino Sans GB\', \'Microsoft YaHei\', Arial, sans-serif; font-size: 16px; line-height: 25.6000003814697px; box-sizing: border-box !important; word-wrap: break-word !important;\">邮箱：joinus@xftmleasing.com</p><p style=\"margin: 0px; padding: 0px; max-width: 100%; clear: both; min-height: 1em; white-space: pre-wrap; color: rgb(62, 62, 62); font-family: \'Helvetica Neue\', Helvetica, \'Hiragino Sans GB\', \'Microsoft YaHei\', Arial, sans-serif; font-size: 16px; line-height: 25.6000003814697px; box-sizing: border-box !important; word-wrap: break-word !important;\">电话：021-22868882</p><br />','','','5','http://fileservice.365car.com.cn:88/fileService/xftm/file//f0beda859f5897ed40bc00bfdc73f376.png','http://wx.xftm.com/lease/wx/common/common.html?id=357',''),(358,160,'news','','','上海暴雨开启“看海”模式，随便发点图你们感','上海暴雨开启“看海”模式，随便发点图你们感','<h3 class=\"title\">上海暴雨开启“看海”模式，随便发点图你们感</h3>　　<img alt=\"\" src=\"http://www.xftm.com/uploads/150619/1-1506191H4139D.JPG\" style=\"width: 500px; height: 281px;\" /><br /><br /><span style=\"font-family:\'Helvetica Neue\', Helvetica, \'Hiragino Sans GB\', \'Microsoft YaHei\', Arial, sans-serif;font-size:16px;color:#3e3e3e;font-style: italic; line-height: 28px; white-space: pre-wrap;\">整个华东地区都被玩坏了！继上周高温之后，本周又迎来的连续下雨！上海人民昨天还看着合肥暴雨感叹道合肥要变海滨城市了，紧接着今天凌晨上海就迎来了一波尿失禁一样的暴雨。小盟随便发点图你们感受一下：</span><br /><br /><br /><img alt=\"\" src=\"http://www.xftm.com/uploads/150619/1-1506191GR3947.JPG\" style=\"width: 500px; height: 334px;\" /><br /><br /><img alt=\"\" src=\"http://www.xftm.com/uploads/150619/1-1506191G41VE.jpg\" style=\"width: 500px; height: 296px;\" /><br /><br /><img alt=\"\" src=\"http://www.xftm.com/uploads/150619/1-1506191G4539D.jpg\" style=\"width: 500px; height: 342px;\" /><br /><br /><br /><img alt=\"\" src=\"http://www.xftm.com/uploads/150619/1-1506191G52LZ.jpg\" style=\"width: 500px; height: 333px;\" /><br /><br /><p style=\"margin: 0px; padding: 0px; max-width: 100%; clear: both; min-height: 1em; white-space: pre-wrap; color: rgb(62, 62, 62); font-family: \'Helvetica Neue\', Helvetica, \'Hiragino Sans GB\', \'Microsoft YaHei\', Arial, sans-serif; font-size: 16px; line-height: 25.6000003814697px; box-sizing: border-box !important; word-wrap: break-word !important;\"><span style=\"font-family:宋体;margin: 0px; padding: 0px; max-width: 100%; line-height: 1.75em; box-sizing: border-box !important; word-wrap: break-word !important;\">堵车！到哪都是水！连出租车都抢！不！到！</span></p><p style=\"margin: 0px; padding: 0px; max-width: 100%; clear: both; min-height: 1em; white-space: pre-wrap; color: rgb(62, 62, 62); font-family: \'Helvetica Neue\', Helvetica, \'Hiragino Sans GB\', \'Microsoft YaHei\', Arial, sans-serif; font-size: 16px; line-height: 1.75em; box-sizing: border-box !important; word-wrap: break-word !important;\"><span style=\"font-family:宋体;margin: 0px; padding: 0px; max-width: 100%; box-sizing: border-box !important; word-wrap: break-word !important;\">还特别容易发生这种悲剧</span>……</p><p style=\"margin: 0px; padding: 0px; max-width: 100%; clear: both; min-height: 1em; white-space: pre-wrap; color: rgb(62, 62, 62); font-family: \'Helvetica Neue\', Helvetica, \'Hiragino Sans GB\', \'Microsoft YaHei\', Arial, sans-serif; font-size: 16px; line-height: 25.6000003814697px; box-sizing: border-box !important; word-wrap: break-word !important;\"><img alt=\"\" src=\"http://www.xftm.com/uploads/150619/1-1506191G54a16.PNG\" style=\"width: 415px; height: 310px;\" /></p><p style=\"margin: 0px; padding: 0px; max-width: 100%; clear: both; min-height: 1em; white-space: pre-wrap; color: rgb(62, 62, 62); font-family: \'Helvetica Neue\', Helvetica, \'Hiragino Sans GB\', \'Microsoft YaHei\', Arial, sans-serif; font-size: 16px; line-height: 1.75em; box-sizing: border-box !important; word-wrap: break-word !important;\"><span style=\"font-family:宋体;margin: 0px; padding: 0px; max-width: 100%; box-sizing: border-box !important; word-wrap: break-word !important;\">这天气真是没得治</span></p><p style=\"margin: 0px; padding: 0px; max-width: 100%; clear: both; min-height: 1em; white-space: pre-wrap; color: rgb(62, 62, 62); font-family: \'Helvetica Neue\', Helvetica, \'Hiragino Sans GB\', \'Microsoft YaHei\', Arial, sans-serif; font-size: 16px; line-height: 1.75em; box-sizing: border-box !important; word-wrap: break-word !important;\"><span style=\"font-family:宋体;margin: 0px; padding: 0px; max-width: 100%; box-sizing: border-box !important; word-wrap: break-word !important;\">说真的，雨神你是不是最近偷偷摸摸在上海溜达？<br /><br /><img alt=\"\" src=\"http://www.xftm.com/uploads/150619/1-1506191G614N1.PNG\" style=\"width: 317px; height: 218px;\" /><br /><br />一查，知道真相的我眼泪流下来<br /><img alt=\"\" src=\"http://www.xftm.com/uploads/150619/1-1506191H10I23.JPG\" style=\"width: 500px; height: 239px;\" /><br /><br /><span style=\"margin: 0px; padding: 0px; max-width: 100%; box-sizing: border-box !important; word-wrap: break-word !important;\">这天坐公交车上下班真是伤不起，还要给雷打不动坐公交来回玩的爷爷奶奶们让座，此时此刻的我只想磕头……</span><span style=\"margin: 0px; padding: 0px; max-width: 100%; box-sizing: border-box !important; word-wrap: break-word !important;\">所以说还是自己拥有一辆车最好了！<br /><img alt=\"\" src=\"http://www.xftm.com/uploads/150619/1-1506191GF2309.PNG\" style=\"width: 333px; height: 143px;\" /><br />&quot;先锋太盟租赁&quot;融资购车业务是一种与国际接轨的全新购车模式，消费者的购车门槛远低于传统的汽车金融公司和银行汽车消费信贷。这种先使用后购入的全新购车方式，相比汽车金融和银行，手续更简便，提车更快捷，保险更优惠；并享受售后、延保、二手车置换、二手车融资租赁等多项贴心服务。<br /><br /><img alt=\"\" src=\"http://www.xftm.com/uploads/150619/1-1506191H252307.jpg\" style=\"width: 500px; height: 517px;\" /><br /><br /><span style=\"font-family:\'Helvetica Neue\', Helvetica, \'Hiragino Sans GB\', \'Microsoft YaHei\', Arial, sans-serif;color:#ff8124;line-height: 25.6000003814697px; text-align: center; background-color: rgba(211, 207, 206, 0.117647);\">小贴士</span></span></span><br />&nbsp;</p><p style=\"margin: 0px; padding: 0px; max-width: 100%; clear: both; min-height: 1em; white-space: pre-wrap; color: rgb(62, 62, 62); font-family: \'Helvetica Neue\', Helvetica, \'Hiragino Sans GB\', \'Microsoft YaHei\', Arial, sans-serif; font-size: 16px; line-height: 1.75em; box-sizing: border-box !important; word-wrap: break-word !important;\"><strong style=\"margin: 0px; padding: 0px; max-width: 100%; box-sizing: border-box !important; word-wrap: break-word !important;\"><span style=\"font-family:宋体;color:#f79646;margin: 0px; padding: 0px; max-width: 100%; box-sizing: border-box !important; word-wrap: break-word !important;\">不过这种可以开船的天气，小盟还是要温馨提示一下：</span></strong></p><p style=\"margin: 0px; padding: 0px; max-width: 100%; clear: both; min-height: 1em; white-space: pre-wrap; color: rgb(62, 62, 62); font-family: \'Helvetica Neue\', Helvetica, \'Hiragino Sans GB\', \'Microsoft YaHei\', Arial, sans-serif; font-size: 16px; line-height: 1.75em; box-sizing: border-box !important; word-wrap: break-word !important;\"><span style=\"font-family:宋体;margin: 0px; padding: 0px; max-width: 100%; box-sizing: border-box !important; word-wrap: break-word !important;\">如果遇到车辆在水中熄火的情况，不要惊慌，不要再去打火，为了保证您的人身和车辆安全，及时联系保险公司拖车才是上策。</span></p><span style=\"font-family:宋体;margin: 0px; padding: 0px; max-width: 100%; line-height: 24px; text-indent: 28px; box-sizing: border-box !important; word-wrap: break-word !important;\">那么问题来了，融保险哪家强？</span><span style=\"font-family:宋体;margin: 0px; padding: 0px; max-width: 100%; line-height: 24px; text-indent: 28px; box-sizing: border-box !important; word-wrap: break-word !important;\">先锋太盟租赁有强大的保险服务团队，客户可享受到先锋太盟提供的续保、理赔等专人</span><span style=\"margin: 0px; padding: 0px; max-width: 100%; line-height: 24px; text-indent: 28px; box-sizing: border-box !important; word-wrap: break-word !important;\">VIP</span><span style=\"font-family:宋体;margin: 0px; padding: 0px; max-width: 100%; line-height: 24px; text-indent: 28px; box-sizing: border-box !important; word-wrap: break-word !important;\">服务，理赔流程更便捷，放心更省心。</span><br /><br />','','','5','http://fileservice.365car.com.cn:88/fileService/xftm/file//300207328b02ff5d7f24d128004586e6.png','http://wx.xftm.com/lease/wx/common/common.html?id=358',''),(359,160,'news','','','双喜临门！先锋太盟客服中心开业了！官方网站','双喜临门！先锋太盟客服中心开业了！官方网站','<h3 class=\"title\">双喜临门！先锋太盟客服中心开业了！官方网站</h3>　　<div>6月18日的合肥艳阳高照，一扫前几天的狂风暴雨，这样的天气正照应了先锋人的热情。因为在这个喜庆的日子，先锋太盟融资租赁客服中心在安徽合肥开业了！<br /><br /><img alt=\"\" src=\"http://www.xftm.com/uploads/150619/1-1506191H922431.jpg\" style=\"width: 600px; height: 387px;\" /></div><div>&nbsp;</div><div>为了给广大客户以及合作伙伴和经销商带来更好、更便利、更快捷的服务，先锋太盟将在7月1日启动专业400客服电话：<br />&nbsp;</div><div>先锋太盟客服热线 400-021-8888<br />&nbsp;</div><div>全方位给您最真挚的服务！<br />&nbsp;</div><div>此次开业举办地即在客服中心办公室，低调但是温馨。先锋太盟融资租赁CFO 甘海奋先生、销售总监 张磊先生、资管总监 孙健先生、市场总监 曲培源先生、资管高级经理 刘琇琳小姐、IT经理 邬意伦先生悉数到场，为客服中心送去了祝福！并且很荣幸地邀请了安<br /><br />徽当地合作伙伴：合肥速融、安徽英执杰、安徽瑞驰的代表一同见证了这个值得纪念的时刻！<br /><br /><img alt=\"\" src=\"http://www.xftm.com/uploads/150619/1-1506191H94EH.jpg\" style=\"width: 600px; height: 357px;\" /></div><div><br />CFO甘海奋先生和资管总监孙健先生为客服中心的开业发表了致辞致辞。<br /><br /><img alt=\"\" src=\"http://www.xftm.com/uploads/150619/1-1506191I00bQ.jpg\" style=\"width: 600px; height: 353px;\" /></div><div>&nbsp;</div><div><img alt=\"\" src=\"http://www.xftm.com/uploads/150619/1-1506191I035A9.jpg\" style=\"width: 600px; height: 359px;\" /></div><div>&nbsp;</div><div>销售总监张磊先生和市场总监曲培源先生也发表了热情洋溢的演讲。</div><div><br /><img alt=\"\" src=\"http://www.xftm.com/uploads/150619/1-1506191I05DL.jpg\" style=\"width: 600px; height: 362px;\" /><br /><br /><img alt=\"\" src=\"http://www.xftm.com/uploads/150619/1-1506191I1205a.jpg\" style=\"width: 600px; height: 357px;\" /></div><div>&nbsp;</div><div>最后，客服中心终于在各位的见证下揭开了她的面纱！<br /><br /><img alt=\"\" src=\"http://www.xftm.com/uploads/150619/1-1506191I139D1.jpg\" style=\"width: 600px; height: 377px;\" /></div><div>&nbsp;</div><div>先锋太盟客服中心位于安徽省合肥市高新技术开发区，地理位置优越，环境温馨。<br /><br /><img alt=\"\" src=\"http://www.xftm.com/uploads/150619/1-1506191I201944.jpg\" style=\"width: 600px; height: 356px;\" /><br /><br /><img alt=\"\" src=\"http://www.xftm.com/uploads/150619/1-1506191I221140.jpg\" style=\"width: 600px; height: 365px;\" /><br /><br /><img alt=\"\" src=\"http://www.xftm.com/uploads/150619/1-1506191I250B8.jpg\" style=\"width: 600px; height: 321px;\" /></div><div>&nbsp;</div><div>先锋太盟安徽客服中心的三位美女，也随时恭候着各位的咨询！<br /><br /><img alt=\"\" src=\"http://www.xftm.com/uploads/150619/1-1506191I312O4.jpg\" style=\"width: 600px; height: 352px;\" /></div><br /><div>&nbsp;</div><div>当然，今天要分享的好事可不止这一桩！同样是6月18日，先锋太盟的官方网站上线了！</div><div>&nbsp;</div><div>先锋太盟官方网站地址: www.xftm.com</div><div>&nbsp;</div>您可通过点击以上链接直接进入官网，也可通过百度搜索：先锋太盟官网进行搜索，并点击进入。<br /><br /><img alt=\"\" src=\"http://www.xftm.com/uploads/150619/1-1506191I43O34.png\" style=\"width: 600px; height: 215px;\" /><br /><br />在互联网逐步去边际化，微博、微信等无线互联网应用渐渐成为主流的时代，我们建设的传统客服热线和互联网网站还能做什么呢？小盟想，如果说之前没有统一客服热线和官网是居无定所的状态，那么现在，可以把这儿当做自己的家，也是我们希望客服热线和网<br /><br />站能够承载最温馨的家的感觉！<br /><br /><p style=\"margin: 0px; padding: 0px; max-width: 100%; clear: both; min-height: 1em; white-space: pre-wrap; color: rgb(62, 62, 62); font-family: \'Helvetica Neue\', Helvetica, \'Hiragino Sans GB\', \'Microsoft YaHei\', Arial, sans-serif; font-size: 16px; line-height: 1.75em; box-sizing: border-box !important; word-wrap: break-word !important;\"><span style=\"color:#4f81bd;margin: 0px; padding: 0px; max-width: 100%; box-sizing: border-box !important; word-wrap: break-word !important;\">新网站的使用上，一定还有很多不便利的地方，甚至可能会有bug，但您请相信我们，或者直接给小盟提建议，我们会逐步进行优化，一步步把我们的家园建设的更加美好。</span></p><span style=\"color:#4f81bd;margin: 0px; padding: 0px; max-width: 100%; box-sizing: border-box !important; word-wrap: break-word !important;\">欢迎您一如既往的支持先锋太盟，我们也将一如既往的带给您最佳的融资租赁购车体验！</span><br />','','','5','http://fileservice.365car.com.cn:88/fileService/xftm/file//90162bb0c52b9e97ceb39da742aee9e9.png','http://wx.xftm.com/lease/wx/common/common.html?id=359',''),(360,160,'news','','','“协力 合作 共赢”HPL先锋太盟2015年年中大会在','“协力 合作 共赢”HPL先锋太盟2015年年中大会在','<h3 class=\"title\"><span style=\"font-size:16px;\">“协力 合作 共赢”HPL先锋太盟2015年年中大会在</span></h3><div class=\"content\"><span style=\"font-size:16px;\">　　</span><div><span style=\"font-family:arial,helvetica,sans-serif;font-size:16px;\">“协力 合作 共赢”HPL先锋太盟2015年年中大会此次在美丽的云南大理圆满举行。此次大会中，HPL来自全国的近200家合作伙伴齐聚一堂。</span></div><div><span style=\"font-family:arial,helvetica,sans-serif;font-size:16px;\">这次会议的选址在风景宜人的大理风花雪月酒店旁，位于大理古城，风景秀丽，各位合作伙伴对大理的美景更是赞不绝口，当然这也是做HPL合作伙伴才独享的一种体验哦！<br /><img alt=\"\" src=\"http://www.xftm.com/uploads/150722/1-150H21635035G.JPG\" style=\"width: 1280px; height: 960px;\" /></span></div><div><span style=\"font-size:16px;\">&nbsp;</span></div><div><span style=\"font-family:arial,helvetica,sans-serif;font-size:16px;\">这是2015年HPL承上启下的关键性会议，主要目的是总结上半年的工作，发现存在的问题，为顺利的开展下半年的工作做准备。<br /><img alt=\"\" src=\"http://www.xftm.com/uploads/150722/1-150H216353H01.JPG\" style=\"width: 533px; height: 800px;\" /></span></div><div><span style=\"font-family:arial, helvetica, sans-serif;font-size:16px;\">会议的开始，首先HPL先锋太盟CEO韩勇发表了会议致词。他表达了对所有合作伙伴的问候，HPL也将以超越刷新记录为目标继续突破！最后也祝福所有合作伙伴能在这里成长和收获！</span></div><div><span style=\"font-family:arial,helvetica,sans-serif;font-size:16px;\"><img alt=\"\" src=\"http://www.xftm.com/uploads/150722/1-150H2163T41a.JPG\" style=\"width: 1280px; height: 960px;\" /></span></div><div><span style=\"font-size:16px;\"><br /><span style=\"font-family:arial,helvetica,sans-serif;\">随后先锋太盟的各位领导也针对HPL的销售业务、风控政策、市场规划、资产管理以及即将投入使用的全新APP——太盟宝进行了有针对性的介绍。</span></span></div><div><span style=\"font-family:arial,helvetica,sans-serif;font-size:16px;\">2015年HPL先锋太盟年中会议圆满后，是游玩影视城等旅游项目，并在当晚进行HPL丰盛的晚宴：先锋太盟车友互联“安心宝”晚宴庆典，伙伴们齐齐举杯，为上半年的辛勤努力和骄人成绩而欢庆，表达了对下半年的美好憧憬！</span></div><div><span style=\"font-family:arial,helvetica,sans-serif;font-size:16px;\"><img alt=\"\" src=\"http://www.xftm.com/uploads/150722/1-150H2163IVN.JPG\" style=\"width: 1280px; height: 960px;\" /></span></div><div><span style=\"font-size:16px;\">&nbsp;</span></div><div><span style=\"font-family:arial,helvetica,sans-serif;font-size:16px;\">随后，HPL多才多艺的销售们，献上一曲“当”更是将晚会气氛烘托到了高潮！</span></div><div><span style=\"font-family:arial,helvetica,sans-serif;font-size:16px;\">同时，伴随着本次的年中会，先锋太盟的宣传片也正是亮相了！大家快来一睹为快吧！</span></div><div><span style=\"font-family:arial,helvetica,sans-serif;font-size:16px;\">http://v.qq.com/boke/page/m/g/v/m0159v26ygv.html</span></div></div><span style=\"font-size:16px;\"><br /></span>','','','5','http://fileservice.365car.com.cn:88/fileService/xftm/file//5caa2ec59761a41d238b2005c1e84ddc.png','http://wx.xftm.com/lease/wx/common/common.html?id=360',''),(361,161,'news','','','二手车金融市场裂变 融资租赁弯道超车？','二手车金融市场裂变 融资租赁弯道超车？','<h3 class=\"title\">二手车金融市场裂变 融资租赁弯道超车？</h3>　　<p style=\"margin: 0px 0px 15px; padding: 0px; border: 0px; font-size: 14px; font-stretch: normal; line-height: 26px; font-family: 宋体; color: rgb(51, 51, 51); text-indent: 2em;\">2015年年初，北京现代汽车金融副总经理陈金亮对外透露，北京现代汽车金融将在今年开始开展二手车金融业务。据悉，他们计划先和北汽系统内部的首选二手车(租赁公司)合作，实现对经销商库存和二手车购买进行金融支持。</p><div><p style=\"margin: 0px 0px 15px; padding: 0px; border: 0px; font-size: 14px; font-stretch: normal; line-height: 26px; font-family: 宋体; color: rgb(51, 51, 51); text-indent: 2em;\">无独有偶，东风日产汽车金融副总经理殷耀亮日前也告诉中国汽车金融实验室，将在2015年开展二手车零售信贷业务，前期主要针对合作品牌的认证二手车，后期将根据市场需求变化择机向全品牌开放。</p><p style=\"margin: 0px 0px 15px; padding: 0px; border: 0px; font-size: 14px; font-stretch: normal; line-height: 26px; font-family: 宋体; color: rgb(51, 51, 51); text-indent: 2em;\">2012年，上汽通用汽车金融全面切入二手车信贷领域，并大胆向所有品牌开放，成为业内第一个吃螃蟹的探索者。随后，宝马汽车金融、奇瑞汽车金融、丰田金融、大众汽车金融以及东风标致雪铁龙汽车金融等相继开展二手车信贷业务。截至目前，已有半数汽车金融公司涉足二手车领域，二手车零售信贷已然成为汽车金融公司的标配业务。</p><p style=\"margin: 0px 0px 15px; padding: 0px; border: 0px; font-size: 14px; font-stretch: normal; line-height: 26px; font-family: 宋体; color: rgb(51, 51, 51); text-indent: 2em;\">不过，现阶段汽车金融公司的二手车信贷业务仍处于摸索阶段，业绩尚无亮点。在面对中国汽车金融实验室研究员相关话题的采访时，上汽通用汽车金融公司总经理李文国仅表示“到目前为止这项业务正在朝着我们的期望值平稳发展。”并表示，“二手车信贷业务设立类似‘百分比’这样的指标，但希望我们的二手车信贷业务能够稳健增长，对我们经销商渠道内接收到的二手车信贷需求，我们都能很快地去响应并落地。“</p><p style=\"margin: 0px 0px 15px; padding: 0px; border: 0px; font-size: 14px; font-stretch: normal; line-height: 26px; font-family: 宋体; color: rgb(51, 51, 51); text-indent: 2em;\">传统二手车信贷业务发展缓慢，既有市场大环境的限制，也有政策方面的制约。尽管二手车市场正朝着规范化发展，《二手车鉴定评估规范》也于2014年6月正式实施，但从实际执行看，《规范》短期内难以实现二手车市场从乱到治。按照政策规定，二手车信贷首付应在50%以上，另外与新车按揭相比，二手车贷款利率偏高，这也使得其吸引力大打折扣。</p><p style=\"margin: 0px 0px 15px; padding: 0px; border: 0px; font-size: 14px; font-stretch: normal; line-height: 26px; font-family: 宋体; color: rgb(51, 51, 51); text-indent: 2em;\">但这并不妨碍业务看好二手车金融的未来发展前景。李文国强调，深化二手车信贷业务仍是公司下一步工作重点之一。平安银行汽车金融中心总裁傅忠强也表示，等车况透明、评估体系标准化、二手车售后保障等问题有了合适解决方案后，银行很愿意介入二手车消费金融业务。</p><p style=\"margin: 0px 0px 15px; padding: 0px; border: 0px; font-size: 14px; font-stretch: normal; line-height: 26px; font-family: 宋体; color: rgb(51, 51, 51); text-indent: 2em;\"><strong>二手车融资租赁业务崭露头角</strong></p><p style=\"margin: 0px 0px 15px; padding: 0px; border: 0px; font-size: 14px; font-stretch: normal; line-height: 26px; font-family: 宋体; color: rgb(51, 51, 51); text-indent: 2em;\">尽管传统二手车金融市场还处于培育期时，以车王为代表的企业却起了别样心思，正试图借助融资租赁弯道超车。</p><p style=\"margin: 0px 0px 15px; padding: 0px; border: 0px; font-size: 14px; font-stretch: normal; line-height: 26px; font-family: 宋体; color: rgb(51, 51, 51); text-indent: 2em;\">2015年1月8日，车王（中国）融资租赁有限公司在郑州正式揭牌营业，其前期发展规划瞄准市场上比较空缺的二手车融资租赁业务。揭牌仪式上，车王控股(香港)有限公司副总裁兼华北大区总经理钟毅先生介绍，相对汽车金融公司或者银行的二手车贷款首付最低50%的政策要求，车王融资租赁突破传统二手车贷款首付限制，可实现零首付，并将车价、保险、延保、精品等汽车相关产品费用全部打包进行融资。目前，车王认证二手车超市官方网站上的融资计算器显示，车王融资租赁共提供12个月、24个月两种融资期限选择，首付有0%、30%或50%选择，尾款有30%、50%、70%三种。</p></div>','','','3','http://fileservice.365car.com.cn:88/fileService/xftm/file//6023c0c08b72e4c013c7f4319943afb7.png','http://wx.xftm.com/lease/wx/common/common.html?id=361',''),(362,161,'news','','','盘点汽车后市场的“小而美”公司','盘点汽车后市场的“小而美”公司','<h3 class=\"title\">盘点汽车后市场的“小而美”公司</h3><div class=\"content\">　　<p style=\"margin: 0px; padding: 0px 0px 24px; border: none; line-height: 24px; font-size: 14px; color: rgb(0, 0, 0); font-family: 宋体;\">2015年春节以后，汽车后服务O2O市场是相当火爆，又出现了哪些“小而美”的公司？</p><p style=\"margin: 0px; padding: 0px 0px 24px; border: none; line-height: 24px; font-size: 14px; color: rgb(0, 0, 0); font-family: 宋体;\">&nbsp;&nbsp;&nbsp;&nbsp;上门保养系列</p><p style=\"margin: 0px; padding: 0px 0px 24px; border: none; line-height: 24px; font-size: 14px; color: rgb(0, 0, 0); font-family: 宋体;\">&nbsp;&nbsp;&nbsp;&nbsp;携车网</p><p style=\"margin: 0px; padding: 0px 0px 24px; border: none; line-height: 24px; font-size: 14px; color: rgb(0, 0, 0); font-family: 宋体;\">&nbsp;&nbsp;&nbsp;&nbsp;成立于2012年的携车网成功转型，并于今年3月获得道明光学（002632,股吧）及其他投资方拟4000万元人民币投资。</p><p style=\"margin: 0px; padding: 0px 0px 24px; border: none; line-height: 24px; font-size: 14px; color: rgb(0, 0, 0); font-family: 宋体;\">&nbsp;&nbsp;&nbsp;&nbsp;携车网CEO章正超向《第一财经日报》介绍，这家公司最初的目标是做汽车后市场的携程。此后，他们发现整个行业的痛点是配件、服务、工时、价格的不透明，纯平台业务无法给消费者提供优质服务，于是从2014年的第三季度开始推出自有的服务――上门养车。</p><p style=\"margin: 0px; padding: 0px 0px 24px; border: none; line-height: 24px; font-size: 14px; color: rgb(0, 0, 0); font-family: 宋体;\">&nbsp;&nbsp;&nbsp;&nbsp;尽管有了资本的支持，但章正超依然认为，在以服务为主的产业里面，所谓的“免费”就是一张门票，价格不是关键，不浪费客户的时间，通过自养技工的方式，加强与客户的沟通，把全部服务做到公开、透明才是关键。</p><p style=\"margin: 0px; padding: 0px 0px 24px; border: none; line-height: 24px; font-size: 14px; color: rgb(0, 0, 0); font-family: 宋体;\">&nbsp;&nbsp;&nbsp;&nbsp;博湃养车</p><p style=\"margin: 0px; padding: 0px 0px 24px; border: none; line-height: 24px; font-size: 14px; color: rgb(0, 0, 0); font-family: 宋体;\">&nbsp;&nbsp;&nbsp;&nbsp;这家成立于2013年的O2O上门保养服务的公司，业务在全国已经覆盖了15个城市，有接近300位维修技师，并在2014年获得了超过十万个订单，在规模和体量上做到了业内前列。</p><p style=\"margin: 0px; padding: 0px 0px 24px; border: none; line-height: 24px; font-size: 14px; color: rgb(0, 0, 0); font-family: 宋体;\">&nbsp;&nbsp;&nbsp;&nbsp;但该企业的投入宣传却相当低调，在百度搜“上门保养”或“养车”等关键字，首页上都没有博湃养车。</p><p style=\"margin: 0px; padding: 0px 0px 24px; border: none; line-height: 24px; font-size: 14px; color: rgb(0, 0, 0); font-family: 宋体;\">&nbsp;&nbsp;&nbsp;&nbsp;根据博湃养车创始人及CEO吉伟的介绍，很多人把博湃养车说成是中国汽车后市场上门服务中的最大“之一”，但其内部已经启动计划要把“之一”去掉，“预计3个月之内就有成果”。</p><p style=\"margin: 0px; padding: 0px 0px 24px; border: none; line-height: 24px; font-size: 14px; color: rgb(0, 0, 0); font-family: 宋体;\">&nbsp;&nbsp;&nbsp;&nbsp;吉伟介绍，业务的突破，得益于两个不一样。第一就是做高级市场，可能很多人觉得保养是低级的东西，而博湃并不认同。第二个关键词是重度垂直，博湃从一开始就有自己的技师。吉伟说：“谁都想做Uber，但是我觉得保养是一个有技术含量的东西，有技术含量的服务产品。不重度，很难打造品质。”</p><p style=\"margin: 0px; padding: 0px 0px 24px; border: none; line-height: 24px; font-size: 14px; color: rgb(0, 0, 0); font-family: 宋体;\">&nbsp;&nbsp;&nbsp;&nbsp;这一模式与吉伟的职业背景分不开，他此前曾在北汽、东南汽车等传统的汽车企业做市场与销售工作，对服务和消费者满意度有着自己的认识。</p><p style=\"margin: 0px; padding: 0px 0px 24px; border: none; line-height: 24px; font-size: 14px; color: rgb(0, 0, 0); font-family: 宋体;\">&nbsp;&nbsp;&nbsp;&nbsp;车女婿</p><p style=\"margin: 0px; padding: 0px 0px 24px; border: none; line-height: 24px; font-size: 14px; color: rgb(0, 0, 0); font-family: 宋体;\">&nbsp;&nbsp;&nbsp;&nbsp;“车女婿”，这个中国青年报原汽车主编武卫强的创业项目，主要围绕车辆的常规保养进行上门服务，于今年的4月1日正式上线，却在未正式开始前就完成天使轮融资。</p><p style=\"margin: 0px; padding: 0px 0px 24px; border: none; line-height: 24px; font-size: 14px; color: rgb(0, 0, 0); font-family: 宋体;\">&nbsp;&nbsp;&nbsp;&nbsp;“车女婿”隶属于北京万咖网络科技有限公司，目前其线上平台以微信公众号为主，独立App也即将上线，主要在北京地区提供服务。</p><p style=\"margin: 0px; padding: 0px 0px 24px; border: none; line-height: 24px; font-size: 14px; color: rgb(0, 0, 0); font-family: 宋体;\">&nbsp;&nbsp;&nbsp;&nbsp;对于汽车后市场中的上门O2O保养项目，武卫强认为，基于中国汽车市场庞大的保有量，以及万亿级的市场，从最小的洗车、保养到维修、救援、二手车、精品、保险等，可拓展的空间巨大。在十几年的观察中，他发现4S店中保修期已满的私家车主流失率高达60%以上，而线下的维修厂以及路边店又很难保障配件的质量、优质的服务。</p><p style=\"margin: 0px; padding: 0px 0px 24px; border: none; line-height: 24px; font-size: 14px; color: rgb(0, 0, 0); font-family: 宋体;\">&nbsp;&nbsp;&nbsp;&nbsp;武卫强希望“车女婿”以上门O2O保养为切入点，重构汽车维修保养的服务体系，也让传统技师得到社会尊重。</p><p style=\"margin: 0px; padding: 0px 0px 24px; border: none; line-height: 24px; font-size: 14px; color: rgb(0, 0, 0); font-family: 宋体;\">&nbsp;&nbsp;&nbsp;&nbsp;汽车金融系列</p><p style=\"margin: 0px; padding: 0px 0px 24px; border: none; line-height: 24px; font-size: 14px; color: rgb(0, 0, 0); font-family: 宋体;\">&nbsp;&nbsp;&nbsp;&nbsp;第一车贷</p><p style=\"margin: 0px; padding: 0px 0px 24px; border: none; line-height: 24px; font-size: 14px; color: rgb(0, 0, 0); font-family: 宋体;\">&nbsp;&nbsp;&nbsp;&nbsp;“我们非常希望能通过论坛的形式跟第一车贷进行一次深入沟通，我们也非常重视第一车贷的模式。”多家汽车金融公司都这样对《第一财经日报》记者说。</p><p style=\"margin: 0px; padding: 0px 0px 24px; border: none; line-height: 24px; font-size: 14px; color: rgb(0, 0, 0); font-family: 宋体;\">&nbsp;&nbsp;&nbsp;&nbsp;第一车贷成立于2013年11月底，隶属于香港上市公司中国信贷（08207.HK）。其业务涉及汽车金融、融资担保、融资租赁及理财投资等以汽车金融为轴心的汽车全产业链整合服务。</p><p style=\"margin: 0px; padding: 0px 0px 24px; border: none; line-height: 24px; font-size: 14px; color: rgb(0, 0, 0); font-family: 宋体;\">&nbsp;&nbsp;&nbsp;&nbsp;2013年12月，公司在武汉推出了第一个金融产品，并将业务初期发展的重点放在了二手车金融领域，短短半年之后的2014年6月公司的融资规模就已突破1亿元。</p><p style=\"margin: 0px; padding: 0px 0px 24px; border: none; line-height: 24px; font-size: 14px; color: rgb(0, 0, 0); font-family: 宋体;\">&nbsp;&nbsp;&nbsp;&nbsp;公司董事长李海燕表示，希望未来第一车贷将帮助二手车商梳理经营思路，帮助他们解决收购、销售等环节中的难题，逐步完善品牌二手车售前、售中和售后服务，共同打造收购、销售、整备、售后、互联网一体化的商业模式。</p><p style=\"margin: 0px; padding: 0px 0px 24px; border: none; line-height: 24px; font-size: 14px; color: rgb(0, 0, 0); font-family: 宋体;\">&nbsp;&nbsp;&nbsp;&nbsp;同辉融资租赁（上海）有限公司</p><p style=\"margin: 0px; padding: 0px 0px 24px; border: none; line-height: 24px; font-size: 14px; color: rgb(0, 0, 0); font-family: 宋体;\">&nbsp;&nbsp;&nbsp;&nbsp;营改增之后，越来越多的企业家认识到了企业购车，特别是以融资租赁的形式购车能够有效地帮助其调节税收。</p><p style=\"margin: 0px; padding: 0px 0px 24px; border: none; line-height: 24px; font-size: 14px; color: rgb(0, 0, 0); font-family: 宋体;\">&nbsp;&nbsp;&nbsp;&nbsp;但目前的中国汽车金融机构无法去满足这类客户的需求，因为监管的问题，传统的汽车金融公司做对公客户，特别是对小企业客户业务的经营成本太高。但同辉融资租赁公司却绕过了这一限制。</p><p style=\"margin: 0px; padding: 0px 0px 24px; border: none; line-height: 24px; font-size: 14px; color: rgb(0, 0, 0); font-family: 宋体;\">&nbsp;&nbsp;&nbsp;&nbsp;根据统计，发达国家的融资租赁是汽车金融的主体，以美国市场为例，它70%到80%的汽车金融渗透率，其中50%到60%是融资租赁，个人按揭只占20%，但是在中国，在整个汽车渗透率里面，融资租赁可以忽略不计，融资租赁可能连1%都不到。</p><p style=\"margin: 0px; padding: 0px 0px 24px; border: none; line-height: 24px; font-size: 14px; color: rgb(0, 0, 0); font-family: 宋体;\">&nbsp;&nbsp;&nbsp;&nbsp;同辉融资租赁（上海）有限公司执行董事、COO余翊人告诉《第一财经日报》记者，通过前期的运转尝试，这已经成为其合作经销商客户的一个非常重要的金融补充工具。目前为其合作经销商的贡献增量在2%～3%之间，虽然份额很小，但市场前景广阔。</p><p style=\"margin: 0px; padding: 0px 0px 24px; border: none; line-height: 24px; font-size: 14px; color: rgb(0, 0, 0); font-family: 宋体;\">&nbsp;&nbsp;&nbsp;&nbsp;二手车</p><p style=\"margin: 0px; padding: 0px 0px 24px; border: none; line-height: 24px; font-size: 14px; color: rgb(0, 0, 0); font-family: 宋体;\">&nbsp;&nbsp;&nbsp;&nbsp;人人车</p><p style=\"margin: 0px; padding: 0px 0px 24px; border: none; line-height: 24px; font-size: 14px; color: rgb(0, 0, 0); font-family: 宋体;\">&nbsp;&nbsp;&nbsp;&nbsp;2014年4月成立的人人车，没有经过天使轮融资，就直接获得了1000万美元的PreA轮融资，2014年11月再次获得雷军策源领投的2000万美元。</p><p style=\"margin: 0px; padding: 0px 0px 24px; border: none; line-height: 24px; font-size: 14px; color: rgb(0, 0, 0); font-family: 宋体;\">&nbsp;&nbsp;&nbsp;&nbsp;尽管一路伴随着质疑，但人人车已经成为中国二手车市场上重要的玩家和吸金企业。</p><p style=\"margin: 0px; padding: 0px 0px 24px; border: none; line-height: 24px; font-size: 14px; color: rgb(0, 0, 0); font-family: 宋体;\">&nbsp;&nbsp;&nbsp;&nbsp;在这个过程中，曾有多家已经发展起来的二手车巨头想要将其收入囊中。</p><p style=\"margin: 0px; padding: 0px 0px 24px; border: none; line-height: 24px; font-size: 14px; color: rgb(0, 0, 0); font-family: 宋体;\">&nbsp;&nbsp;&nbsp;&nbsp;尽管二手车的B2B电商平台早已完成布局并开始转战2C业务，赶集网等也投入巨资布局二手车C2C业务，但公司CEO李健坦言，对此并不是很担心，因为市场空间足够大，没有哪家企业可以独占整个市场。另外，现在消费者的意识和习惯尚未完全成熟，还需要一个普及和培育的过程。有更多有实力的企业加入，可以更快地加速这一市场的发展和成熟。</p><p style=\"margin: 0px; padding: 0px 0px 24px; border: none; line-height: 24px; font-size: 14px; color: rgb(0, 0, 0); font-family: 宋体;\">&nbsp;&nbsp;&nbsp;&nbsp;好车无忧</p><p style=\"margin: 0px; padding: 0px 0px 24px; border: none; line-height: 24px; font-size: 14px; color: rgb(0, 0, 0); font-family: 宋体;\">&nbsp;&nbsp;&nbsp;&nbsp;同人人车一样，好车无忧同样也是一家二手车C2C电商平台，如不出意外近期将宣布新一轮的融资数额。</p><p style=\"margin: 0px; padding: 0px 0px 24px; border: none; line-height: 24px; font-size: 14px; color: rgb(0, 0, 0); font-family: 宋体;\">&nbsp;&nbsp;&nbsp;&nbsp;4月20日，好车无忧首个线下体验店正式开业。届时将为用户提供二手车情况现场咨询,同时还能体验好车无忧的线上平台。随着首个线下门店的开设,标志着好车无忧开启线下战略布局,实现线上线下双渠道的服务模式,为二手车主和买家提供更真实、更便捷、更完善的二手车买卖服务。</p><p style=\"margin: 0px; padding: 0px 0px 24px; border: none; line-height: 24px; font-size: 14px; color: rgb(0, 0, 0); font-family: 宋体;\">&nbsp;&nbsp;&nbsp;&nbsp;公司创始人兼CEO彭程表示:“其实C2C模式是很难运营的,只因其交易链条很长,倘若任意链条出了问题,那么一个正常的交易将会流产。因此,我们非常看重在交易链条中针对两方车主的服务与体验。”</p><p style=\"margin: 0px; padding: 0px 0px 24px; border: none; line-height: 24px; font-size: 14px; color: rgb(0, 0, 0); font-family: 宋体;\">&nbsp;&nbsp;&nbsp;&nbsp;彭程表示，开展线下体验店将成为提升好车无忧服务与体验非常重要的一个链条,希望让这个链条越来越牢靠,并能给用户带来更专业、更可靠、更贴心的服务和保障。</p><p style=\"margin: 0px; padding: 0px 0px 24px; border: none; line-height: 24px; font-size: 14px; color: rgb(0, 0, 0); font-family: 宋体;\">&nbsp;&nbsp;&nbsp;&nbsp;智能汽车</p><p style=\"margin: 0px; padding: 0px 0px 24px; border: none; line-height: 24px; font-size: 14px; color: rgb(0, 0, 0); font-family: 宋体;\">&nbsp;&nbsp;&nbsp;&nbsp;车音网</p><p style=\"margin: 0px; padding: 0px 0px 24px; border: none; line-height: 24px; font-size: 14px; color: rgb(0, 0, 0); font-family: 宋体;\">&nbsp;&nbsp;&nbsp;&nbsp;2015年3月，均胜电子（600699,股吧）（600699.SH）公告称旗下全资子公司宁波俊生智能车联有限公司拟通过协议转让方式收购车音网10%的股权，并与车音网在车联网服务平台开发、运营及投资等方面展开全面合作。</p><p style=\"margin: 0px; padding: 0px 0px 24px; border: none; line-height: 24px; font-size: 14px; color: rgb(0, 0, 0); font-family: 宋体;\">&nbsp;&nbsp;&nbsp;&nbsp;随着车联网技术的应用，致力于语音识别功能的车音网在未来的汽车市场发展中具有诸多可能。目前已与中国联通（600050,股吧）、中国移动、中国铁通等通信运营商合作，联合移动通讯设备专家、汽车保险、汽车美容、事务代办等广大汽车专业服务商，向所有车主提供安全实用的通信产品和车务服务，包括日常的洗车打蜡美容、各种手续办理以及出门在外商务旅行、导航救援等。</p><p style=\"margin: 0px; padding: 0px 0px 24px; border: none; line-height: 24px; font-size: 14px; color: rgb(0, 0, 0); font-family: 宋体;\">&nbsp;&nbsp;&nbsp;&nbsp;九五智驾</p><p style=\"margin: 0px; padding: 0px 0px 24px; border: none; line-height: 24px; font-size: 14px; color: rgb(0, 0, 0); font-family: 宋体;\">&nbsp;&nbsp;&nbsp;&nbsp;继1月中旬发布智驾盒子之后，九五智驾（NEEQ:430725）正在与国内某大型汽车集团进行智能汽车的合作谈判。如果进展顺利，将会为其年内转板上市提供有力支持。</p><p style=\"margin: 0px; padding: 0px 0px 24px; border: none; line-height: 24px; font-size: 14px; color: rgb(0, 0, 0); font-family: 宋体;\">&nbsp;&nbsp;&nbsp;&nbsp;作为中国第一家自主品牌的车联网服务运营商，九五智驾在商业模式和业务拓展上完全从零开始，一路探索。而到目前，经过十几年的深耕细作，九五智驾已经成长为中国最大的车联网服务运营商，为奥迪、丰田、奔驰、大众等十余家主流汽车品牌提供互联服务，覆盖超过80万用户群体。</p><p style=\"margin: 0px; padding: 0px 0px 24px; border: none; line-height: 24px; font-size: 14px; color: rgb(0, 0, 0); font-family: 宋体;\">&nbsp;&nbsp;&nbsp;&nbsp;尽管“九五智驾”这个名字在消费群体中仍显陌生，但它目前仍是丰田G-book、奥迪connect等车载信息系统的最大服务商。</p></div><br />','','','3','http://fileservice.365car.com.cn:88/fileService/xftm/file//32973eb4aac6f17a477ff2b4ac2af4cb.png','http://wx.xftm.com/lease/wx/common/common.html?id=362',''),(363,161,'news','','','国际打车软件牵手融资租赁 Uber汽车金融新模式','国际打车软件牵手融资租赁 Uber汽车金融新模式','<h3 class=\"title\">国际打车软件牵手融资租赁 Uber汽车金融新模式</h3><div class=\"content\">　　<span style=\"font-family:宋体, simsun, sans-serif, Arial;color:#333333;font-size: 14px; line-height: 26px;\">&nbsp; &nbsp;广东南方金融创新研究院高级研究员吴焕权表示：“Uber和融资租赁的合作，风险主要来自政策的导向和广州地区的限牌，经营风险不大。”</span><br /><span style=\"font-family:宋体, simsun, sans-serif, Arial;color:#333333;font-size: 14px; line-height: 26px;\">&nbsp; &nbsp;事实上，Uber的模式在全球多地遇到政策反弹。公开资料显示，去年12月，中国台湾的交通主管部门公告称要对Uber“严加取缔”。几乎与此同时，韩国的检察部门对Uber创始人提起诉讼，原因是其违反了“禁止未注册的机构或私人车辆进行私人收费运输服务”的法律。</span><br style=\"color: rgb(51, 51, 51); font-family: 宋体, simsun, sans-serif, Arial; font-size: 14px; line-height: 26px;\" /><span style=\"font-family:宋体, simsun, sans-serif, Arial;color:#333333;font-size: 14px; line-height: 26px;\">&nbsp; &nbsp;面对不断增长的打车软件市场，入华仅两年的Uber在广州找到了盟友，且搭成了一个战略联盟：一家国有背景的汽车销售商、一家民营的融资租赁公司以及一个P2P平台。</span><br style=\"color: rgb(51, 51, 51); font-family: 宋体, simsun, sans-serif, Arial; font-size: 14px; line-height: 26px;\" /><span style=\"font-family:宋体, simsun, sans-serif, Arial;color:#333333;font-size: 14px; line-height: 26px;\">&nbsp; &nbsp;4月29日，Uber与明铧融资租赁、广物汽贸签订战略合作协议，希望搭建“互联网+金融+汽车”的模式为Uber的签约司机提供融资服务。</span><br style=\"color: rgb(51, 51, 51); font-family: 宋体, simsun, sans-serif, Arial; font-size: 14px; line-height: 26px;\" /><span style=\"font-family:宋体, simsun, sans-serif, Arial;color:#333333;font-size: 14px; line-height: 26px;\">&nbsp; &nbsp;该模式中，Uber充当“流量入口”，以团购形式引导司机去4S店购车、续保、维护；融资租赁公司提供购车融资，首期标的为100台汽车，未来可通过关联的网贷平台将资产收益权上线发标；广物汽贸得以批量售车，同时负责汽车的后期维护与保养。</span><br style=\"color: rgb(51, 51, 51); font-family: 宋体, simsun, sans-serif, Arial; font-size: 14px; line-height: 26px;\" /><span style=\"font-family:宋体, simsun, sans-serif, Arial;color:#333333;font-size: 14px; line-height: 26px;\">&nbsp; &nbsp;“融资租赁一直是B2B业务，这次要试水个人业务的创新。”明铧融资租赁副董事长方颂对21世纪经济报道记者说，相比银行车贷，我们的优势在于量身定制的打包服务。不过由于专车市场的政策纷争尚未尘埃落定，融资模式细节仍在与主管部门沟通中。</span><br style=\"color: rgb(51, 51, 51); font-family: 宋体, simsun, sans-serif, Arial; font-size: 14px; line-height: 26px;\" /><br style=\"color: rgb(51, 51, 51); font-family: 宋体, simsun, sans-serif, Arial; font-size: 14px; line-height: 26px;\" /><span style=\"font-family:宋体, simsun, sans-serif, Arial;color:#333333;font-size: 14px; line-height: 26px;\">新模式：互联网+金融+汽车</span><br style=\"color: rgb(51, 51, 51); font-family: 宋体, simsun, sans-serif, Arial; font-size: 14px; line-height: 26px;\" /><br style=\"color: rgb(51, 51, 51); font-family: 宋体, simsun, sans-serif, Arial; font-size: 14px; line-height: 26px;\" /><span style=\"font-family:宋体, simsun, sans-serif, Arial;color:#333333;font-size: 14px; line-height: 26px;\">&nbsp; &nbsp;自2013年进入中国，海外打车软件鼻祖Uber近期加速了国内市场的扩张。早期Uber业务限于高端豪车租赁市场，而去年推出“Uber X”和“人民优步”，业务开始对应的车型扩展到中低端。</span><br style=\"color: rgb(51, 51, 51); font-family: 宋体, simsun, sans-serif, Arial; font-size: 14px; line-height: 26px;\" /><span style=\"font-family:宋体, simsun, sans-serif, Arial;color:#333333;font-size: 14px; line-height: 26px;\">&nbsp; &nbsp;随之而来的任务，便是招募司机。Uber广州总经理沈翘欣向21世纪经济报道记者介绍，其公司的专车业务与租赁公司合作，由后者提供车源；人民优步的拼车业务则接受私家车合作。“通过我们这次合作购买汽车的司机，可以做专车和拼车的业务。”</span><br style=\"color: rgb(51, 51, 51); font-family: 宋体, simsun, sans-serif, Arial; font-size: 14px; line-height: 26px;\" /><span style=\"font-family:宋体, simsun, sans-serif, Arial;color:#333333;font-size: 14px; line-height: 26px;\">&nbsp; &nbsp;根据工商注册资料，明铧融资租赁股份有限公司的股东是广州本土企业“华新企业集团”。该集团旗下有贸易、物流、房地产、工业园区、制造业等板块，还设立有一家P2P平台“广州e贷”。</span><br style=\"color: rgb(51, 51, 51); font-family: 宋体, simsun, sans-serif, Arial; font-size: 14px; line-height: 26px;\" /><span style=\"font-family:宋体, simsun, sans-serif, Arial;color:#333333;font-size: 14px; line-height: 26px;\">&nbsp; &nbsp;广物汽贸则是省属国有企业“广东物资集团”旗下的汽车贸易公司，销售车型齐全，除售车外还将为用户提供4S店的维保服务。</span><br style=\"color: rgb(51, 51, 51); font-family: 宋体, simsun, sans-serif, Arial; font-size: 14px; line-height: 26px;\" /><span style=\"font-family:宋体, simsun, sans-serif, Arial;color:#333333;font-size: 14px; line-height: 26px;\">&nbsp; &nbsp;明铧融资租赁副董事长方颂表示，公司拟通过融资租赁的方式直接向购车人提供融资，突破融资租赁业“只做企业生意”的传统。一般而言，购车人会选择银行作购车信贷。方颂表示，三家企业合力提供一条龙服务，价格、门槛、服务效率等方面将会比银行贷款有优势。“首批试点100台汽车，首付比例可低至20%。”</span><br style=\"color: rgb(51, 51, 51); font-family: 宋体, simsun, sans-serif, Arial; font-size: 14px; line-height: 26px;\" /><span style=\"font-family:宋体, simsun, sans-serif, Arial;color:#333333;font-size: 14px; line-height: 26px;\">&nbsp; &nbsp;“未来我们还可以研究将保险等服务打包进融资产品。”方颂说，租赁资产积累到一定量后，明铧融资租赁可用“类资产证券化”的手段通过“广州e贷”获得融资。“这类租赁资产有车辆作为风控措施，属于风险低、收益稳健的类别。”</span><br style=\"color: rgb(51, 51, 51); font-family: 宋体, simsun, sans-serif, Arial; font-size: 14px; line-height: 26px;\" /><br style=\"color: rgb(51, 51, 51); font-family: 宋体, simsun, sans-serif, Arial; font-size: 14px; line-height: 26px;\" /><span style=\"font-family:宋体, simsun, sans-serif, Arial;color:#333333;font-size: 14px; line-height: 26px;\">　　Uber风险在政策</span><br style=\"color: rgb(51, 51, 51); font-family: 宋体, simsun, sans-serif, Arial; font-size: 14px; line-height: 26px;\" /><br style=\"color: rgb(51, 51, 51); font-family: 宋体, simsun, sans-serif, Arial; font-size: 14px; line-height: 26px;\" /><span style=\"font-family:宋体, simsun, sans-serif, Arial;color:#333333;font-size: 14px; line-height: 26px;\">&nbsp; &nbsp;广东南方金融创新研究院高级研究员吴焕权表示：“Uber和融资租赁的合作，风险主要来自政策的导向和广州地区的限牌，经营风险不大。”</span><br style=\"color: rgb(51, 51, 51); font-family: 宋体, simsun, sans-serif, Arial; font-size: 14px; line-height: 26px;\" /><span style=\"font-family:宋体, simsun, sans-serif, Arial;color:#333333;font-size: 14px; line-height: 26px;\">&nbsp; &nbsp;事实上，Uber的模式在全球多地遇到政策反弹。公开资料显示，去年12月，中国台湾的交通主管部门公告称要对Uber“严加取缔”。几乎与此同时，韩国的检察部门对Uber创始人提起诉讼，原因是其违反了“禁止未注册的机构或私人车辆进行私人收费运输服务”的法律。</span><br style=\"color: rgb(51, 51, 51); font-family: 宋体, simsun, sans-serif, Arial; font-size: 14px; line-height: 26px;\" /><span style=\"font-family:宋体, simsun, sans-serif, Arial;color:#333333;font-size: 14px; line-height: 26px;\">&nbsp; &nbsp;中国大陆也要求投入营运的汽车需拥有相应资质和牌照，北京曾对专车服务进行过清理。</span><br style=\"color: rgb(51, 51, 51); font-family: 宋体, simsun, sans-serif, Arial; font-size: 14px; line-height: 26px;\" /><span style=\"font-family:宋体, simsun, sans-serif, Arial;color:#333333;font-size: 14px; line-height: 26px;\">&nbsp; &nbsp;国内打车软件大都从出租车市场起步，在“试错”专车业务的过程中逐步摸索出“四方模式”：汽车租赁公司提供车辆，司机与劳务公司签约为代驾人，打车软件公司充当信息中介，乘客既是车辆的承租人，也是代驾服务的购买者。该模式目前仍得到承认，但相关争议并未终止；至于私家车用作专车，交通部官员已明确表示反对。</span><br style=\"color: rgb(51, 51, 51); font-family: 宋体, simsun, sans-serif, Arial; font-size: 14px; line-height: 26px;\" /><span style=\"font-family:宋体, simsun, sans-serif, Arial;color:#333333;font-size: 14px; line-height: 26px;\">&nbsp; &nbsp;“我们正在与合作伙伴敲定融资模式的细节，一定会做到合法合规。”方颂说，假如用户购车后因政策原因无法与Uber合作，则可选择继续供车，也可自行转卖车辆。“通过这渠道买车有一系列优惠，不会让司机吃亏。”</span></div><br />','','','3','http://fileservice.365car.com.cn:88/fileService/xftm/file//8db4157617fadf889152047214daf1ec.png','http://wx.xftm.com/lease/wx/common/common.html?id=363',''),(364,162,'news','','','申请提前还款','申请提前还款','','','','1','http://fileservice.365car.com.cn:88/fileService/xftm/file//457d7816a09f31fa5d6b3862765f6d3d.png','http://wx.xftm.com/lease/wx/zzfw/sqtqhk.html?openId=$(openId)',''),(365,163,'news','','','还款卡变更','还款卡变更','','','','1','http://fileservice.365car.com.cn:88/fileService/xftm/file//d83009adb3faeb29f2d50a44c6f31848.png','http://xfwx.365car.com.cn/lease/wx/zzfw/hkkbg.html?openId=$(openId)',''),(369,167,'text','金融盟主大赛北区 签到请点击：http://xianchang.qq.com/live/client/index.html?campaign_id=170992',NULL,NULL,NULL,NULL,NULL,NULL,NULL,NULL,NULL,NULL),(370,168,'text','http://dcms.qianbitou.cn/',NULL,NULL,NULL,NULL,NULL,NULL,NULL,NULL,NULL,NULL);

/*!40101 SET SQL_MODE=@OLD_SQL_MODE */;
/*!40014 SET FOREIGN_KEY_CHECKS=@OLD_FOREIGN_KEY_CHECKS */;
/*!40014 SET UNIQUE_CHECKS=@OLD_UNIQUE_CHECKS */;
/*!40111 SET SQL_NOTES=@OLD_SQL_NOTES */;
